{"test_mae": 0.09621658734582732, "test_mse": 0.023512467439470847, "test_r2": 0.8357802070062937, "train_mae": 0.019732132494911576, "train_mse": 0.0007425783731091395, "train_r2": 0.9946671816227806}